﻿<?xml version="1.0" encoding="utf-8" standalone="yes"?>
<!--  JAZZ live AARAU Saisonprogramm 2022-2023-->
<Saison>
  <YearAutum>2022</YearAutum>
  <YearSpring>2023</YearSpring>
  <PublishProgram>FALSE</PublishProgram>
  <!--  Konzert 1 Start Test 2 -->
  <Concert>
    <DayName>Samstag</DayName>
    <Year>2022</Year>
    <Month>10</Month>
    <Day>1</Day>
    <TimeStartHour>15</TimeStartHour>
    <TimeStartMinute>30</TimeStartMinute>
    <TimeEndHour>17</TimeEndHour>
    <TimeEndMinute>15</TimeEndMinute>
    <Place>Spagi by Marcello</Place>
    <Street>Metzgergasse 8</Street>
    <City>Aarau</City>
    <ConcertCancelled>FALSE</ConcertCancelled>
    <BandName>Racine Rhythm &amp; Horns</BandName>
    <ShortText>Ohne Tasten, Saiten, Helm und Sicherheitsgurt! Im Sound der Mini-Bigband perlen Songs in neuem Licht. Wehmütig hallt Heilsarmee-Blasmusik von Tom Waits, nordisch blau erleuchten Stücke des Schwedischen Barisaxers Lars Gullin und Eigenkompositionen bringen modernere Klänge in die Ränge.</ShortText>
    <AdditionalText>NotYetSetNodeValue</AdditionalText>
    <LabelAdditionalText>NotYetSetNodeValue</LabelAdditionalText>
    <FlyerTextHomepagePublish>TRUE</FlyerTextHomepagePublish>
    <LabelFlyerText>NotYetSetNodeValue</LabelFlyerText>
    <FlyerText>NotYetSetNodeValue</FlyerText>
    <PosterBigSize>NotYetSetNodeValue</PosterBigSize>
    <PosterMidSize>NotYetSetNodeValue</PosterMidSize>
    <PosterSmallSize>NotYetSetNodeValue</PosterSmallSize>
    <SoundSample>NotYetSetNodeValue</SoundSample>
    <BandWebsite>NotYetSetNodeValue</BandWebsite>
    <SoundSampleQrCode>NotYetSetNodeValue</SoundSampleQrCode>
    <BandWebsiteQrCode>NotYetSetNodeValue</BandWebsiteQrCode>
    <PhotoGalleryOne>NotYetSetNodeValue</PhotoGalleryOne>
    <PhotoGalleryTwo>NotYetSetNodeValue</PhotoGalleryTwo>
    <PhotoGalleryOneZip>NotYetSetNodeValue</PhotoGalleryOneZip>
    <PhotoGalleryTwoZip>NotYetSetNodeValue</PhotoGalleryTwoZip>
    <ContactPerson>Marianne Racine</ContactPerson>
    <ContactEmail>NotYetSetNodeValue</ContactEmail>
    <ContactTelephone>NotYetSetNodeValue</ContactTelephone>
    <ContactStreet>NotYetSetNodeValue</ContactStreet>
    <ContactPostCode>NotYetSetNodeValue</ContactPostCode>
    <IbanNumber>NotYetSetNodeValue</IbanNumber>
    <ContactRemark>NotYetSetNodeValue</ContactRemark>
    <ContactCity>NotYetSetNodeValue</ContactCity>
    <LoginPassword>musiker</LoginPassword>
    <Musicians>
      <Musician>
        <Name>Marianne Racine</Name>
        <Instrument>voc</Instrument>
        <Text>Musiker/Musikerin Text ...</Text>
        <BirthYear>NotYetSetNodeValue</BirthYear>
        <Gender>female</Gender>
      </Musician>
      <Musician>
        <Name>Daniel Baschnagel</Name>
        <Instrument>tp</Instrument>
        <Text>Musiker/Musikerin Text ...</Text>
        <BirthYear>NotYetSetNodeValue</BirthYear>
        <Gender>male</Gender>
      </Musician>
      <Musician>
        <Name>Matthias Tschopp</Name>
        <Instrument>bs</Instrument>
        <Text>Musiker/Musikerin Text ...</Text>
        <BirthYear>NotYetSetNodeValue</BirthYear>
        <Gender>male</Gender>
      </Musician>
      <Musician>
        <Name>Patrick Sommer</Name>
        <Instrument>b, ssph</Instrument>
        <Text>Musiker/Musikerin Text ...</Text>
        <BirthYear>NotYetSetNodeValue</BirthYear>
        <Gender>male</Gender>
      </Musician>
      <Musician>
        <Name>Andi Wettstein</Name>
        <Instrument>dr</Instrument>
        <Text>Musiker/Musikerin Text ...</Text>
        <BirthYear>NotYetSetNodeValue</BirthYear>
        <Gender>male</Gender>
      </Musician>
    </Musicians>
  </Concert>
  <!--  Konzert 1 End  -->
  <!--  Konzert 2 Start  -->
  <Concert>
    <DayName>Samstag</DayName>
    <Year>2022</Year>
    <Month>10</Month>
    <Day>15</Day>
    <TimeStartHour>15</TimeStartHour>
    <TimeStartMinute>30</TimeStartMinute>
    <TimeEndHour>17</TimeEndHour>
    <TimeEndMinute>15</TimeEndMinute>
    <Place>Spagi by Marcello</Place>
    <Street>Metzgergasse 8</Street>
    <City>Aarau</City>
    <ConcertCancelled>FALSE</ConcertCancelled>
    <BandName>Phraim</BandName>
    <ShortText>2016 gegründet, wurde das schweizerisch-österreichische Quartett für seine ersten beiden Alben von der internationalen Presse bereits hoch gelobt. Das als Working Band arbeitende Kollektiv präsentiert einen wandelbaren Contemporary Jazz mit packenden Grooves und atmosphärischen Improvisationen.</ShortText>
    <AdditionalText>NotYetSetNodeValue</AdditionalText>
    <LabelAdditionalText>NotYetSetNodeValue</LabelAdditionalText>
    <FlyerTextHomepagePublish>TRUE</FlyerTextHomepagePublish>
    <LabelFlyerText>NotYetSetNodeValue</LabelFlyerText>
    <FlyerText>NotYetSetNodeValue</FlyerText>
    <PosterBigSize>NotYetSetNodeValue</PosterBigSize>
    <PosterMidSize>NotYetSetNodeValue</PosterMidSize>
    <PosterSmallSize>NotYetSetNodeValue</PosterSmallSize>
    <SoundSample>NotYetSetNodeValue</SoundSample>
    <BandWebsite>NotYetSetNodeValue</BandWebsite>
    <SoundSampleQrCode>NotYetSetNodeValue</SoundSampleQrCode>
    <BandWebsiteQrCode>NotYetSetNodeValue</BandWebsiteQrCode>
    <PhotoGalleryOne>NotYetSetNodeValue</PhotoGalleryOne>
    <PhotoGalleryTwo>NotYetSetNodeValue</PhotoGalleryTwo>
    <PhotoGalleryOneZip>NotYetSetNodeValue</PhotoGalleryOneZip>
    <PhotoGalleryTwoZip>NotYetSetNodeValue</PhotoGalleryTwoZip>
    <ContactPerson>Nina Reiter</ContactPerson>
    <ContactEmail>NotYetSetNodeValue</ContactEmail>
    <ContactTelephone>NotYetSetNodeValue</ContactTelephone>
    <ContactStreet>NotYetSetNodeValue</ContactStreet>
    <ContactPostCode>NotYetSetNodeValue</ContactPostCode>
    <IbanNumber>NotYetSetNodeValue</IbanNumber>
    <ContactRemark>NotYetSetNodeValue</ContactRemark>
    <ContactCity>NotYetSetNodeValue</ContactCity>
    <LoginPassword>musiker</LoginPassword>
    <Musicians>
      <Musician>
        <Name>Nina Reiter</Name>
        <Instrument>voc</Instrument>
        <Text>Musiker/Musikerin Text ...</Text>
        <BirthYear>NotYetSetNodeValue</BirthYear>
        <Gender>female</Gender>
      </Musician>
      <Musician>
        <Name>Viola Hammer</Name>
        <Instrument>p</Instrument>
        <Text>Musiker/Musikerin Text ...</Text>
        <BirthYear>NotYetSetNodeValue</BirthYear>
        <Gender>female</Gender>
      </Musician>
      <Musician>
        <Name>Marc Mezgolits</Name>
        <Instrument>b</Instrument>
        <Text>Musiker/Musikerin Text ...</Text>
        <BirthYear>NotYetSetNodeValue</BirthYear>
        <Gender>male</Gender>
      </Musician>
      <Musician>
        <Name>Peter Primus Frosch</Name>
        <Instrument>dr</Instrument>
        <Text>Musiker/Musikerin Text ...</Text>
        <BirthYear>NotYetSetNodeValue</BirthYear>
        <Gender>male</Gender>
      </Musician>
    </Musicians>
  </Concert>
  <!--  Konzert 2 End  -->
  <!--  Konzert 3 Start  -->
  <Concert>
    <DayName>Samstag</DayName>
    <Year>2022</Year>
    <Month>10</Month>
    <Day>29</Day>
    <TimeStartHour>15</TimeStartHour>
    <TimeStartMinute>30</TimeStartMinute>
    <TimeEndHour>17</TimeEndHour>
    <TimeEndMinute>15</TimeEndMinute>
    <Place>Spagi by Marcello</Place>
    <Street>Metzgergasse 8</Street>
    <City>Aarau</City>
    <ConcertCancelled>FALSE</ConcertCancelled>
    <BandName>Manfred Junker &amp; Dani Solimine</BandName>
    <ShortText>Für insgesamt 13 Saiten werden aktuell Kompositionen von Gitarristen ausgewählt und bearbeitet, die trotz eines weiten Bogens von Django Reinhardt über Wes Montgomery bis zu Pat Metheny einen homogenen Sound zulassen, dabei aber alles bieten, was Jazzgitarre so schön macht.</ShortText>
    <AdditionalText>NotYetSetNodeValue</AdditionalText>
    <LabelAdditionalText>NotYetSetNodeValue</LabelAdditionalText>
    <FlyerTextHomepagePublish>TRUE</FlyerTextHomepagePublish>
    <LabelFlyerText>NotYetSetNodeValue</LabelFlyerText>
    <FlyerText>NotYetSetNodeValue</FlyerText>
    <PosterBigSize>NotYetSetNodeValue</PosterBigSize>
    <PosterMidSize>NotYetSetNodeValue</PosterMidSize>
    <PosterSmallSize>NotYetSetNodeValue</PosterSmallSize>
    <SoundSample>NotYetSetNodeValue</SoundSample>
    <BandWebsite>NotYetSetNodeValue</BandWebsite>
    <SoundSampleQrCode>NotYetSetNodeValue</SoundSampleQrCode>
    <BandWebsiteQrCode>NotYetSetNodeValue</BandWebsiteQrCode>
    <PhotoGalleryOne>NotYetSetNodeValue</PhotoGalleryOne>
    <PhotoGalleryTwo>NotYetSetNodeValue</PhotoGalleryTwo>
    <PhotoGalleryOneZip>NotYetSetNodeValue</PhotoGalleryOneZip>
    <PhotoGalleryTwoZip>NotYetSetNodeValue</PhotoGalleryTwoZip>
    <ContactPerson>Manfred Junker</ContactPerson>
    <ContactEmail>NotYetSetNodeValue</ContactEmail>
    <ContactTelephone>NotYetSetNodeValue</ContactTelephone>
    <ContactStreet>NotYetSetNodeValue</ContactStreet>
    <ContactPostCode>NotYetSetNodeValue</ContactPostCode>
    <IbanNumber>NotYetSetNodeValue</IbanNumber>
    <ContactRemark>NotYetSetNodeValue</ContactRemark>
    <ContactCity>NotYetSetNodeValue</ContactCity>
    <LoginPassword>musiker</LoginPassword>
    <Musicians>
      <Musician>
        <Name>Manfred Junker</Name>
        <Instrument>g</Instrument>
        <Text>Musiker/Musikerin Text ...</Text>
        <BirthYear>NotYetSetNodeValue</BirthYear>
        <Gender>male</Gender>
      </Musician>
      <Musician>
        <Name>Dani Solimine</Name>
        <Instrument>g</Instrument>
        <Text>Musiker/Musikerin Text ...</Text>
        <BirthYear>NotYetSetNodeValue</BirthYear>
        <Gender>male</Gender>
      </Musician>
    </Musicians>
  </Concert>
  <!--  Konzert 3 End  -->
  <!--  Konzert 4 Start  -->
  <Concert>
    <DayName>Samstag</DayName>
    <Year>2022</Year>
    <Month>11</Month>
    <Day>12</Day>
    <TimeStartHour>15</TimeStartHour>
    <TimeStartMinute>30</TimeStartMinute>
    <TimeEndHour>17</TimeEndHour>
    <TimeEndMinute>15</TimeEndMinute>
    <Place>Spagi by Marcello</Place>
    <Street>Metzgergasse 8</Street>
    <City>Aarau</City>
    <ConcertCancelled>FALSE</ConcertCancelled>
    <BandName>Tome Iliev Sextet</BandName>
    <ShortText>Ein mazedonisch-schweizerisch-französisches Ensemble verzaubert die Zuhörerinnen und Zuhörer mit komplex gespielten Songs aus diesen Kulturkreisen und stellt dabei sein neues Album ,Trinaiska' vor.</ShortText>
    <AdditionalText>NotYetSetNodeValue</AdditionalText>
    <LabelAdditionalText>NotYetSetNodeValue</LabelAdditionalText>
    <FlyerTextHomepagePublish>TRUE</FlyerTextHomepagePublish>
    <LabelFlyerText>NotYetSetNodeValue</LabelFlyerText>
    <FlyerText>NotYetSetNodeValue</FlyerText>
    <PosterBigSize>NotYetSetNodeValue</PosterBigSize>
    <PosterMidSize>NotYetSetNodeValue</PosterMidSize>
    <PosterSmallSize>NotYetSetNodeValue</PosterSmallSize>
    <SoundSample>NotYetSetNodeValue</SoundSample>
    <BandWebsite>NotYetSetNodeValue</BandWebsite>
    <SoundSampleQrCode>NotYetSetNodeValue</SoundSampleQrCode>
    <BandWebsiteQrCode>NotYetSetNodeValue</BandWebsiteQrCode>
    <PhotoGalleryOne>NotYetSetNodeValue</PhotoGalleryOne>
    <PhotoGalleryTwo>NotYetSetNodeValue</PhotoGalleryTwo>
    <PhotoGalleryOneZip>NotYetSetNodeValue</PhotoGalleryOneZip>
    <PhotoGalleryTwoZip>NotYetSetNodeValue</PhotoGalleryTwoZip>
    <ContactPerson>Tome Iliev</ContactPerson>
    <ContactEmail>NotYetSetNodeValue</ContactEmail>
    <ContactTelephone>NotYetSetNodeValue</ContactTelephone>
    <ContactStreet>NotYetSetNodeValue</ContactStreet>
    <ContactPostCode>NotYetSetNodeValue</ContactPostCode>
    <IbanNumber>NotYetSetNodeValue</IbanNumber>
    <ContactRemark>NotYetSetNodeValue</ContactRemark>
    <ContactCity>NotYetSetNodeValue</ContactCity>
    <LoginPassword>musiker</LoginPassword>
    <Musicians>
      <Musician>
        <Name>Tome Iliev</Name>
        <Instrument>cl, bcl, comp</Instrument>
        <Text>Tome Iliev wurde 1985 in Kavadarci geboren, einer traditionell musikverrückten Stadt in Mazedonien. In seiner musikbegeisterten Familie fehlte ein Klarinettist und Tome sollte diese Lücke im zarten Alter von 8 Jahren schliessen. Deshalb entwickelte sich eine innige Liebesbeziehung zu diesem Instrument und zur Musik im Allgemeinen. Seine Passion formalisierte er mit einem Studium an der Nationalen Musikakademie in Soﬁa, Bulgarien, wo er bei Professor Petko Radev (Principal Clarinet, LaScala Milano) einen Bachelor Abschluss erlangte. Die Liebe zur Musik führten den Musikstudenten nach Zürich, wo er an der ZHdK bei Matthias Müller einen Master in Performance Classical erwarb. Seine Ausbildung rundete er mit einem Master Pedagogy Jazz der ZHdK bei Christoph Grab ab. Vom Balkan über Michigan und Skandinavien bis Kuba und Brasilien: Tome Iliev und seine Klarinette reisten und spielten auf dem halben Erdball.</Text>
        <BirthYear>NotYetSetNodeValue</BirthYear>
        <Gender>male</Gender>
      </Musician>
      <Musician>
        <Name>Florian Weiss</Name>
        <Instrument>tb</Instrument>
        <Text>1991 in Zürich geboren, beginnt Weiss im Alter von neun Jahren Posaune zu spielen. Im Jahre 2012 nimmt er das Studium an der Hochschule der Künste Bern, Abteilung Jazz, auf und studiert dort unter anderem bei Bernhard Bamert, Bert Joris und Frank Sikora. Für den Master in Jazz Performance gibt es 2015 einen Wechsel an die Hochschule Luzern und dort Unterricht insbesondere von Nils Wogram, Andreas Tschopp und Markus Wüest.</Text>
        <BirthYear>NotYetSetNodeValue</BirthYear>
        <Gender>male</Gender>
      </Musician>
      <Musician>
        <Name>Francois Lana</Name>
        <Instrument>p</Instrument>
        <Text>Der Pariser Pianist wurde 1986 geboren und erhielt im Alter von elf bis zwanzig Jahren klassischen Klavierunterricht. Er studierte bis 2010 bei Richard Turegano und bei Manuel Rocheman in Paris und absolvierte 2014 einen Master Performance an der Haute Ecole de Musique in Lausanne bei Emil Spanyi, Matthieu Michel, Jacques Demièrre, Vinz Vonlanthen und Pierre Audetat. Ebenso auch bei Eric Legnini in Brüssel während eines Erasmusaustauschjahres. Aktuell spielt er mit Rene Mosele's Flon und seinem eigenen Trio Objectif Lune.</Text>
        <BirthYear>NotYetSetNodeValue</BirthYear>
        <Gender>male</Gender>
      </Musician>
      <Musician>
        <Name>Jonas Künzli</Name>
        <Instrument>b</Instrument>
        <Text>Jonas Künzli wurde 1992 in Büron, Luzern, geboren. Nach einer klassischen Klavierausbildung entdeckte er mit 16 Jahren den Kontrabass und machte ihn zum Hauptinstrument. Von 2011 bis 2015 studierte er an der Musikhochschule Luzern den Bachelor Jazz, danach folgten zwei Jahre als freier Musiker mit verschiedenen Formationen im In- und Ausland.</Text>
        <BirthYear>NotYetSetNodeValue</BirthYear>
        <Gender>male</Gender>
      </Musician>
      <Musician>
        <Name>Adrian Böckli</Name>
        <Instrument>dr</Instrument>
        <Text>1991 geboren, spielt seit seinem achten Lebensjahr Schlagzeug und studierte Jazz an der Hochschule Luzern. Böckli genoss Unterricht bei Lehrern wie Norbert Pfammatter, Gerry Hemingway, Lucas Niggli und Hans-Peter Pfammatter. Der Drummer pflegt eine grosse Bandbreite an Stilen und fühlt sich sowohl in der improvisierten wie auch der Popmusik zuhause.</Text>
        <BirthYear>NotYetSetNodeValue</BirthYear>
        <Gender>male</Gender>
      </Musician>
      <Musician>
        <Name>Nehrun Aliev</Name>
        <Instrument>Darabuka, Tapan</Instrument>
        <Text>NotYetSetNodeValue</Text>
        <BirthYear>NotYetSetNodeValue</BirthYear>
        <Gender>male</Gender>
      </Musician>
    </Musicians>
  </Concert>
  <!--  Konzert 4 End  -->
  <!--  Konzert 5 Start  -->
  <Concert>
    <DayName>Samstag</DayName>
    <Year>2022</Year>
    <Month>11</Month>
    <Day>26</Day>
    <TimeStartHour>15</TimeStartHour>
    <TimeStartMinute>30</TimeStartMinute>
    <TimeEndHour>17</TimeEndHour>
    <TimeEndMinute>15</TimeEndMinute>
    <Place>Spagi by Marcello</Place>
    <Street>Metzgergasse 8</Street>
    <City>Aarau</City>
    <ConcertCancelled>FALSE</ConcertCancelled>
    <BandName>Simone Bollini Trio</BandName>
    <ShortText>Starke Motivik und überraschende harmonische Wendungen zeichnen die Kompositionen des Bandleaders auf dem jüngst veröffentlichten Album des Trios aus. Der Titelsong sprüht vor Energie und öffnet die Tür für eigenständige in ganz unterschiedlichen Stimmungsbildern präsentierte Musik.</ShortText>
    <AdditionalText>NotYetSetNodeValue</AdditionalText>
    <LabelAdditionalText>NotYetSetNodeValue</LabelAdditionalText>
    <FlyerTextHomepagePublish>TRUE</FlyerTextHomepagePublish>
    <LabelFlyerText>NotYetSetNodeValue</LabelFlyerText>
    <FlyerText>NotYetSetNodeValue</FlyerText>
    <PosterBigSize>NotYetSetNodeValue</PosterBigSize>
    <PosterMidSize>NotYetSetNodeValue</PosterMidSize>
    <PosterSmallSize>NotYetSetNodeValue</PosterSmallSize>
    <SoundSample>NotYetSetNodeValue</SoundSample>
    <BandWebsite>NotYetSetNodeValue</BandWebsite>
    <SoundSampleQrCode>NotYetSetNodeValue</SoundSampleQrCode>
    <BandWebsiteQrCode>NotYetSetNodeValue</BandWebsiteQrCode>
    <PhotoGalleryOne>NotYetSetNodeValue</PhotoGalleryOne>
    <PhotoGalleryTwo>NotYetSetNodeValue</PhotoGalleryTwo>
    <PhotoGalleryOneZip>NotYetSetNodeValue</PhotoGalleryOneZip>
    <PhotoGalleryTwoZip>NotYetSetNodeValue</PhotoGalleryTwoZip>
    <ContactPerson>Simone Bollini</ContactPerson>
    <ContactEmail>NotYetSetNodeValue</ContactEmail>
    <ContactTelephone>NotYetSetNodeValue</ContactTelephone>
    <ContactStreet>NotYetSetNodeValue</ContactStreet>
    <ContactPostCode>NotYetSetNodeValue</ContactPostCode>
    <IbanNumber>NotYetSetNodeValue</IbanNumber>
    <ContactRemark>NotYetSetNodeValue</ContactRemark>
    <ContactCity>NotYetSetNodeValue</ContactCity>
    <LoginPassword>musiker</LoginPassword>
    <Musicians>
      <Musician>
        <Name>Simone Bollini</Name>
        <Instrument>p</Instrument>
        <Text>Musiker/Musikerin Text ...</Text>
        <BirthYear>NotYetSetNodeValue</BirthYear>
        <Gender>male</Gender>
      </Musician>
      <Musician>
        <Name>Roberto Koch</Name>
        <Instrument>b</Instrument>
        <Text>Musiker/Musikerin Text ...</Text>
        <BirthYear>NotYetSetNodeValue</BirthYear>
        <Gender>male</Gender>
      </Musician>
      <Musician>
        <Name>Filippo Valnegri</Name>
        <Instrument>dr</Instrument>
        <Text>Musiker/Musikerin Text ...</Text>
        <BirthYear>NotYetSetNodeValue</BirthYear>
        <Gender>male</Gender>
      </Musician>
    </Musicians>
  </Concert>
  <!--  Konzert 5 End  -->
  <!--  Konzert 6 Start  -->
  <Concert>
    <DayName>Samstag</DayName>
    <Year>2022</Year>
    <Month>12</Month>
    <Day>10</Day>
    <TimeStartHour>15</TimeStartHour>
    <TimeStartMinute>30</TimeStartMinute>
    <TimeEndHour>17</TimeEndHour>
    <TimeEndMinute>15</TimeEndMinute>
    <Place>Spagi by Marcello</Place>
    <Street>Metzgergasse 8</Street>
    <City>Aarau</City>
    <ConcertCancelled>FALSE</ConcertCancelled>
    <BandName>Sarah Chaksad SONGLINES</BandName>
    <ShortText>Vom Grossen zum Kleineren, vom Orchester zum Septett - die mehrfach ausgezeichnete Kollegin der beiden grossen Schweizer Figuren des grossorchestralen Jazz, George Gruntz und Mathias Rüegg, versammelt sechs international herausragende Musiker:innen um sich und verleiht ihrer Kunst Flügel.</ShortText>
    <AdditionalText>NotYetSetNodeValue</AdditionalText>
    <LabelAdditionalText>NotYetSetNodeValue</LabelAdditionalText>
    <FlyerTextHomepagePublish>TRUE</FlyerTextHomepagePublish>
    <LabelFlyerText>NotYetSetNodeValue</LabelFlyerText>
    <FlyerText>NotYetSetNodeValue</FlyerText>
    <PosterBigSize>NotYetSetNodeValue</PosterBigSize>
    <PosterMidSize>NotYetSetNodeValue</PosterMidSize>
    <PosterSmallSize>NotYetSetNodeValue</PosterSmallSize>
    <SoundSample>NotYetSetNodeValue</SoundSample>
    <BandWebsite>NotYetSetNodeValue</BandWebsite>
    <SoundSampleQrCode>NotYetSetNodeValue</SoundSampleQrCode>
    <BandWebsiteQrCode>NotYetSetNodeValue</BandWebsiteQrCode>
    <PhotoGalleryOne>NotYetSetNodeValue</PhotoGalleryOne>
    <PhotoGalleryTwo>NotYetSetNodeValue</PhotoGalleryTwo>
    <PhotoGalleryOneZip>NotYetSetNodeValue</PhotoGalleryOneZip>
    <PhotoGalleryTwoZip>NotYetSetNodeValue</PhotoGalleryTwoZip>
    <ContactPerson>Sarah Chaksad</ContactPerson>
    <ContactEmail>NotYetSetNodeValue</ContactEmail>
    <ContactTelephone>NotYetSetNodeValue</ContactTelephone>
    <ContactStreet>NotYetSetNodeValue</ContactStreet>
    <ContactPostCode>NotYetSetNodeValue</ContactPostCode>
    <IbanNumber>NotYetSetNodeValue</IbanNumber>
    <ContactRemark>NotYetSetNodeValue</ContactRemark>
    <ContactCity>NotYetSetNodeValue</ContactCity>
    <LoginPassword>musiker</LoginPassword>
    <Musicians>
      <Musician>
        <Name>Sarah Chaksad</Name>
        <Instrument>as, ss, comp</Instrument>
        <Text>Musiker/Musikerin Text ...</Text>
        <BirthYear>NotYetSetNodeValue</BirthYear>
        <Gender>female</Gender>
      </Musician>
      <Musician>
        <Name>Hildegunn Øiseth</Name>
        <Instrument>tp, gh</Instrument>
        <Text>Musiker/Musikerin Text ...</Text>
        <BirthYear>NotYetSetNodeValue</BirthYear>
        <Gender>female</Gender>
      </Musician>
      <Musician>
        <Name>Lisette Spinnler</Name>
        <Instrument>voc</Instrument>
        <Text>Musiker/Musikerin Text ...</Text>
        <BirthYear>NotYetSetNodeValue</BirthYear>
        <Gender>female</Gender>
      </Musician>
      <Musician>
        <Name>Pepe Auer</Name>
        <Instrument>bcl</Instrument>
        <Text>Musiker/Musikerin Text ...</Text>
        <BirthYear>NotYetSetNodeValue</BirthYear>
        <Gender>male</Gender>
      </Musician>
      <Musician>
        <Name>Malcolm Braff</Name>
        <Instrument>p</Instrument>
        <Text>Musiker/Musikerin Text ...</Text>
        <BirthYear>NotYetSetNodeValue</BirthYear>
        <Gender>male</Gender>
      </Musician>
      <Musician>
        <Name>Dominique Girod</Name>
        <Instrument>b</Instrument>
        <Text>Musiker/Musikerin Text ...</Text>
        <BirthYear>NotYetSetNodeValue</BirthYear>
        <Gender>male</Gender>
      </Musician>
      <Musician>
        <Name>Gregor Hilbe</Name>
        <Instrument>dr</Instrument>
        <Text>Musiker/Musikerin Text ...</Text>
        <BirthYear>NotYetSetNodeValue</BirthYear>
        <Gender>male</Gender>
      </Musician>
    </Musicians>
  </Concert>
  <!--  Konzert 6 End  -->
  <!--  Konzert 7 Start  -->
  <Concert>
    <DayName>Samstag</DayName>
    <Year>2023</Year>
    <Month>1</Month>
    <Day>7</Day>
    <TimeStartHour>15</TimeStartHour>
    <TimeStartMinute>30</TimeStartMinute>
    <TimeEndHour>17</TimeEndHour>
    <TimeEndMinute>15</TimeEndMinute>
    <Place>Spagi by Marcello</Place>
    <Street>Metzgergasse 8</Street>
    <City>Aarau</City>
    <ConcertCancelled>FALSE</ConcertCancelled>
    <BandName>Root Area</BandName>
    <ShortText>Das bestens eingespielte Trio TOUGH TENOR wird durch ein zusätzliches Sax zum Quartett erweitert und erhebt seine musikalische Wurzelsuche zum Prinzip: Blues, New Orleans Funk oder Gospel Ballade in groovigen, fetten Arrangements, den orchestralen Möglichkeiten der Sax-Hammond-Drums-Instrumentierung geschuldet.</ShortText>
    <AdditionalText>NotYetSetNodeValue</AdditionalText>
    <LabelAdditionalText>NotYetSetNodeValue</LabelAdditionalText>
    <FlyerTextHomepagePublish>TRUE</FlyerTextHomepagePublish>
    <LabelFlyerText>NotYetSetNodeValue</LabelFlyerText>
    <FlyerText>NotYetSetNodeValue</FlyerText>
    <PosterBigSize>NotYetSetNodeValue</PosterBigSize>
    <PosterMidSize>NotYetSetNodeValue</PosterMidSize>
    <PosterSmallSize>NotYetSetNodeValue</PosterSmallSize>
    <SoundSample>NotYetSetNodeValue</SoundSample>
    <BandWebsite>NotYetSetNodeValue</BandWebsite>
    <SoundSampleQrCode>NotYetSetNodeValue</SoundSampleQrCode>
    <BandWebsiteQrCode>NotYetSetNodeValue</BandWebsiteQrCode>
    <PhotoGalleryOne>NotYetSetNodeValue</PhotoGalleryOne>
    <PhotoGalleryTwo>NotYetSetNodeValue</PhotoGalleryTwo>
    <PhotoGalleryOneZip>NotYetSetNodeValue</PhotoGalleryOneZip>
    <PhotoGalleryTwoZip>NotYetSetNodeValue</PhotoGalleryTwoZip>
    <ContactPerson>Christoph Grab</ContactPerson>
    <ContactEmail>NotYetSetNodeValue</ContactEmail>
    <ContactTelephone>NotYetSetNodeValue</ContactTelephone>
    <ContactStreet>NotYetSetNodeValue</ContactStreet>
    <ContactPostCode>NotYetSetNodeValue</ContactPostCode>
    <IbanNumber>NotYetSetNodeValue</IbanNumber>
    <ContactRemark>NotYetSetNodeValue</ContactRemark>
    <ContactCity>NotYetSetNodeValue</ContactCity>
    <LoginPassword>musiker</LoginPassword>
    <Musicians>
      <Musician>
        <Name>Christoph Grab</Name>
        <Instrument>ts, as</Instrument>
        <Text>Musiker/Musikerin Text ...</Text>
        <BirthYear>NotYetSetNodeValue</BirthYear>
        <Gender>male</Gender>
      </Musician>
      <Musician>
        <Name>Nicole Johänntgen</Name>
        <Instrument>as, ss</Instrument>
        <Text>Musiker/Musikerin Text ...</Text>
        <BirthYear>NotYetSetNodeValue</BirthYear>
        <Gender>female</Gender>
      </Musician>
      <Musician>
        <Name>Marcel Thomi</Name>
        <Instrument>hammond b3</Instrument>
        <Text>Musiker/Musikerin Text ...</Text>
        <BirthYear>NotYetSetNodeValue</BirthYear>
        <Gender>male</Gender>
      </Musician>
      <Musician>
        <Name>Elmar Frey</Name>
        <Instrument>dr</Instrument>
        <Text>Musiker/Musikerin Text ...</Text>
        <BirthYear>NotYetSetNodeValue</BirthYear>
        <Gender>male</Gender>
      </Musician>
    </Musicians>
  </Concert>
  <!--  Konzert 7 End  -->
  <!--  Konzert 8 Start  -->
  <Concert>
    <DayName>Samstag</DayName>
    <Year>2023</Year>
    <Month>1</Month>
    <Day>21</Day>
    <TimeStartHour>15</TimeStartHour>
    <TimeStartMinute>30</TimeStartMinute>
    <TimeEndHour>17</TimeEndHour>
    <TimeEndMinute>15</TimeEndMinute>
    <Place>Spagi by Marcello</Place>
    <Street>Metzgergasse 8</Street>
    <City>Aarau</City>
    <ConcertCancelled>FALSE</ConcertCancelled>
    <BandName>Moeckel-Schürmann Quartet</BandName>
    <ShortText>Thomas Moeckel und Dominik Schürmann spielen seit vielen Jahren zusammen in den unterschiedlichsten Formationen. In Yuri Storione und Marton Juhasz haben sie die ideale Ergänzung für ihr Quartett gefunden. Die Musiker teilen ihre Vorliebe für Groove, starke Melodien und eine ausgefeilte Harmonik.</ShortText>
    <AdditionalText>NotYetSetNodeValue</AdditionalText>
    <LabelAdditionalText>NotYetSetNodeValue</LabelAdditionalText>
    <FlyerTextHomepagePublish>TRUE</FlyerTextHomepagePublish>
    <LabelFlyerText>NotYetSetNodeValue</LabelFlyerText>
    <FlyerText>NotYetSetNodeValue</FlyerText>
    <PosterBigSize>NotYetSetNodeValue</PosterBigSize>
    <PosterMidSize>NotYetSetNodeValue</PosterMidSize>
    <PosterSmallSize>NotYetSetNodeValue</PosterSmallSize>
    <SoundSample>NotYetSetNodeValue</SoundSample>
    <BandWebsite>NotYetSetNodeValue</BandWebsite>
    <SoundSampleQrCode>NotYetSetNodeValue</SoundSampleQrCode>
    <BandWebsiteQrCode>NotYetSetNodeValue</BandWebsiteQrCode>
    <PhotoGalleryOne>NotYetSetNodeValue</PhotoGalleryOne>
    <PhotoGalleryTwo>NotYetSetNodeValue</PhotoGalleryTwo>
    <PhotoGalleryOneZip>NotYetSetNodeValue</PhotoGalleryOneZip>
    <PhotoGalleryTwoZip>NotYetSetNodeValue</PhotoGalleryTwoZip>
    <ContactPerson>Dominik Schürmann</ContactPerson>
    <ContactEmail>NotYetSetNodeValue</ContactEmail>
    <ContactTelephone>NotYetSetNodeValue</ContactTelephone>
    <ContactStreet>NotYetSetNodeValue</ContactStreet>
    <ContactPostCode>NotYetSetNodeValue</ContactPostCode>
    <IbanNumber>NotYetSetNodeValue</IbanNumber>
    <ContactRemark>NotYetSetNodeValue</ContactRemark>
    <ContactCity>NotYetSetNodeValue</ContactCity>
    <LoginPassword>musiker</LoginPassword>
    <Musicians>
      <Musician>
        <Name>Thomas Moeckel</Name>
        <Instrument>tp, g, voc</Instrument>
        <Text>Stammt aus einer seit mehreren Generationen aktiven Musikerfamilie und wurde frühzeitig geschult und gefördert durch seinen Vater, dem bekannten Kapellmeister Hans Moeckel. Seit 1970 ist der Trompeter, Gitarrist und Sänger Berufsmusiker und mehrfacher Preisträger am Jazzfestival Zürich 1969, 1970, 1971. Langjähriger Lehrauftrag an der Jazzabteilung der Musikhochschule Basel.</Text>
        <BirthYear>NotYetSetNodeValue</BirthYear>
        <Gender>male</Gender>
      </Musician>
      <Musician>
        <Name>Yuri Storione</Name>
        <Instrument>p</Instrument>
        <Text>Der Jazzpianist mit klassischem Hintergrund ist Gewinner der Langnau Jazz Piano Competition 2018 und einer der drei Finalisten beim renommierten Klavierwettbewerb des Montreux Jazz Festival 2015. Seinen dritten Masterabschluss erlangte Storione 2019 an der Basler Musikhochschule und spielt an den wichtigsten Jazzfestivals und Clubs in ganz Europa.</Text>
        <BirthYear>NotYetSetNodeValue</BirthYear>
        <Gender>male</Gender>
      </Musician>
      <Musician>
        <Name>Dominik Schürmann</Name>
        <Instrument>b</Instrument>
        <Text>Auftritte in Jazzclubs und an Jazzfestivals im In- und Ausland. Langjährige Tätigkeit u.a. mit Gutfleisch-Schürmann-Frey und dem Compulsion Jazzquintett - zwei Bands, deren Auftritte bei JAZZ live AARAU den vielseitigen Bassisten dem breiten Aarauer Publikum bekannt gemacht haben dürfte. Begleiter unzähliger nationaler und internationaler Musikerpersönlichkeiten sowie Mitwirkung an Theater-, Musical-, Fernseh- und Radioproduktionen. Mehrere auch international beachtetete CD-Veröffentlichungen.</Text>
        <BirthYear>NotYetSetNodeValue</BirthYear>
        <Gender>male</Gender>
      </Musician>
      <Musician>
        <Name>Marton Juhasz</Name>
        <Instrument>dr</Instrument>
        <Text>Der Schlagzeuger stammt aus Budapest und studierte am Berklee College of Music in Boston, USA. Der mehrfache Preisträger spielte bereits mit Jazzgrössen wie Lionel Loueke, Gilad Hekselman, Wolfgang Muthspiel, Christian Muthspiel, Jorge Rossy, Szymon Mika, Rob Luft, Robert Lakatos, Perico Sambeat und Byron Wallen.</Text>
        <BirthYear>NotYetSetNodeValue</BirthYear>
        <Gender>male</Gender>
      </Musician>
    </Musicians>
  </Concert>
  <!--  Konzert 8 End  -->
  <!--  Konzert 9 Start  -->
  <Concert>
    <DayName>Samstag</DayName>
    <Year>2023</Year>
    <Month>2</Month>
    <Day>4</Day>
    <TimeStartHour>15</TimeStartHour>
    <TimeStartMinute>30</TimeStartMinute>
    <TimeEndHour>17</TimeEndHour>
    <TimeEndMinute>15</TimeEndMinute>
    <Place>Spagi by Marcello</Place>
    <Street>Metzgergasse 8</Street>
    <City>Aarau</City>
    <ConcertCancelled>FALSE</ConcertCancelled>
    <BandName>Franz Hellmüller Trio</BandName>
    <ShortText>Kurzweiliger Trip durchs Wunderland zwischen Tempoforcierung und Innehalten - trotz ungeraden Metren und rockigen Verschärfungen mit coolen Grooves behält die Musik jederzeit ihren lyrischen Grundton und eleganten Flow. Schön aber, dass auch auf sechs Saiten mitunter mal gehörig abgedrückt wird.</ShortText>
    <AdditionalText>NotYetSetNodeValue</AdditionalText>
    <LabelAdditionalText>NotYetSetNodeValue</LabelAdditionalText>
    <FlyerTextHomepagePublish>TRUE</FlyerTextHomepagePublish>
    <LabelFlyerText>NotYetSetNodeValue</LabelFlyerText>
    <FlyerText>NotYetSetNodeValue</FlyerText>
    <PosterBigSize>NotYetSetNodeValue</PosterBigSize>
    <PosterMidSize>NotYetSetNodeValue</PosterMidSize>
    <PosterSmallSize>NotYetSetNodeValue</PosterSmallSize>
    <SoundSample>NotYetSetNodeValue</SoundSample>
    <BandWebsite>NotYetSetNodeValue</BandWebsite>
    <SoundSampleQrCode>NotYetSetNodeValue</SoundSampleQrCode>
    <BandWebsiteQrCode>NotYetSetNodeValue</BandWebsiteQrCode>
    <PhotoGalleryOne>NotYetSetNodeValue</PhotoGalleryOne>
    <PhotoGalleryTwo>NotYetSetNodeValue</PhotoGalleryTwo>
    <PhotoGalleryOneZip>NotYetSetNodeValue</PhotoGalleryOneZip>
    <PhotoGalleryTwoZip>NotYetSetNodeValue</PhotoGalleryTwoZip>
    <ContactPerson>Livia Winiger</ContactPerson>
    <ContactEmail>NotYetSetNodeValue</ContactEmail>
    <ContactTelephone>NotYetSetNodeValue</ContactTelephone>
    <ContactStreet>NotYetSetNodeValue</ContactStreet>
    <ContactPostCode>NotYetSetNodeValue</ContactPostCode>
    <IbanNumber>NotYetSetNodeValue</IbanNumber>
    <ContactRemark>NotYetSetNodeValue</ContactRemark>
    <ContactCity>NotYetSetNodeValue</ContactCity>
    <LoginPassword>musiker</LoginPassword>
    <Musicians>
      <Musician>
        <Name>Franz Hellmüller</Name>
        <Instrument>g</Instrument>
        <Text>Musiker/Musikerin Text ...</Text>
        <BirthYear>NotYetSetNodeValue</BirthYear>
        <Gender>male</Gender>
      </Musician>
      <Musician>
        <Name>Patrick Sommer</Name>
        <Instrument>b</Instrument>
        <Text>Musiker/Musikerin Text ...</Text>
        <BirthYear>NotYetSetNodeValue</BirthYear>
        <Gender>male</Gender>
      </Musician>
      <Musician>
        <Name>Martin Perret</Name>
        <Instrument>dr</Instrument>
        <Text>Musiker/Musikerin Text ...</Text>
        <BirthYear>NotYetSetNodeValue</BirthYear>
        <Gender>male</Gender>
      </Musician>
    </Musicians>
  </Concert>
  <!--  Konzert 9 End  -->
  <!--  Konzert 10 Start  -->
  <Concert>
    <DayName>Samstag</DayName>
    <Year>2023</Year>
    <Month>2</Month>
    <Day>18</Day>
    <TimeStartHour>15</TimeStartHour>
    <TimeStartMinute>30</TimeStartMinute>
    <TimeEndHour>17</TimeEndHour>
    <TimeEndMinute>15</TimeEndMinute>
    <Place>Spagi by Marcello</Place>
    <Street>Metzgergasse 8</Street>
    <City>Aarau</City>
    <ConcertCancelled>FALSE</ConcertCancelled>
    <BandName>The Jazz Trio</BandName>
    <ShortText>… ist ein Jazz Trio. Nichts mehr und nichts weniger sind die Zürcher Musiker, wenn sie auf die Bühne treten und loslegen. Seit Jahren zusammen in unterschiedlichsten Lineups tätig, ist hier eine extrem eingespielte Band gewachsen, die dem Stoff der Tradition mit Respekt und eigenem Fokus das Timbre des Zeitlosen verleiht.</ShortText>
    <AdditionalText>NotYetSetNodeValue</AdditionalText>
    <LabelAdditionalText>NotYetSetNodeValue</LabelAdditionalText>
    <FlyerTextHomepagePublish>TRUE</FlyerTextHomepagePublish>
    <LabelFlyerText>NotYetSetNodeValue</LabelFlyerText>
    <FlyerText>NotYetSetNodeValue</FlyerText>
    <PosterBigSize>NotYetSetNodeValue</PosterBigSize>
    <PosterMidSize>NotYetSetNodeValue</PosterMidSize>
    <PosterSmallSize>NotYetSetNodeValue</PosterSmallSize>
    <SoundSample>NotYetSetNodeValue</SoundSample>
    <BandWebsite>NotYetSetNodeValue</BandWebsite>
    <SoundSampleQrCode>NotYetSetNodeValue</SoundSampleQrCode>
    <BandWebsiteQrCode>NotYetSetNodeValue</BandWebsiteQrCode>
    <PhotoGalleryOne>NotYetSetNodeValue</PhotoGalleryOne>
    <PhotoGalleryTwo>NotYetSetNodeValue</PhotoGalleryTwo>
    <PhotoGalleryOneZip>NotYetSetNodeValue</PhotoGalleryOneZip>
    <PhotoGalleryTwoZip>NotYetSetNodeValue</PhotoGalleryTwoZip>
    <ContactPerson>Raphael Walser</ContactPerson>
    <ContactEmail>NotYetSetNodeValue</ContactEmail>
    <ContactTelephone>NotYetSetNodeValue</ContactTelephone>
    <ContactStreet>NotYetSetNodeValue</ContactStreet>
    <ContactPostCode>NotYetSetNodeValue</ContactPostCode>
    <IbanNumber>NotYetSetNodeValue</IbanNumber>
    <ContactRemark>NotYetSetNodeValue</ContactRemark>
    <ContactCity>NotYetSetNodeValue</ContactCity>
    <LoginPassword>musiker</LoginPassword>
    <Musicians>
      <Musician>
        <Name>Florian Egli</Name>
        <Instrument>as</Instrument>
        <Text>Musiker/Musikerin Text ...</Text>
        <BirthYear>NotYetSetNodeValue</BirthYear>
        <Gender>male</Gender>
      </Musician>
      <Musician>
        <Name>Raphael Walser</Name>
        <Instrument>b</Instrument>
        <Text>Musiker/Musikerin Text ...</Text>
        <BirthYear>NotYetSetNodeValue</BirthYear>
        <Gender>male</Gender>
      </Musician>
      <Musician>
        <Name>Jonas Ruther</Name>
        <Instrument>dr</Instrument>
        <Text>Musiker/Musikerin Text ...</Text>
        <BirthYear>NotYetSetNodeValue</BirthYear>
        <Gender>male</Gender>
      </Musician>
    </Musicians>
  </Concert>
  <!--  Konzert 10 End  -->
  <!--  Konzert 11 Start  -->
  <Concert>
    <DayName>Samstag</DayName>
    <Year>2023</Year>
    <Month>3</Month>
    <Day>4</Day>
    <TimeStartHour>15</TimeStartHour>
    <TimeStartMinute>30</TimeStartMinute>
    <TimeEndHour>17</TimeEndHour>
    <TimeEndMinute>15</TimeEndMinute>
    <Place>Spagi by Marcello</Place>
    <Street>Metzgergasse 8</Street>
    <City>Aarau</City>
    <ConcertCancelled>FALSE</ConcertCancelled>
    <BandName>Tomas Sauter &amp; Daniel Schläppi</BandName>
    <ShortText>Unlängst ist das dritte Album von Tomas Sauter &amp; Daniel Schläppi mit dem Titel ,The Summer I Was Ten' erschienen. Die beiden grossartigen Musiker glänzen einmal mehr als inspirierte Improvisatoren und mit über Jahre gereiftem, kongenialem Zusammenspiel.</ShortText>
    <AdditionalText>NotYetSetNodeValue</AdditionalText>
    <LabelAdditionalText>NotYetSetNodeValue</LabelAdditionalText>
    <FlyerTextHomepagePublish>TRUE</FlyerTextHomepagePublish>
    <LabelFlyerText>NotYetSetNodeValue</LabelFlyerText>
    <FlyerText>NotYetSetNodeValue</FlyerText>
    <PosterBigSize>NotYetSetNodeValue</PosterBigSize>
    <PosterMidSize>NotYetSetNodeValue</PosterMidSize>
    <PosterSmallSize>NotYetSetNodeValue</PosterSmallSize>
    <SoundSample>NotYetSetNodeValue</SoundSample>
    <BandWebsite>NotYetSetNodeValue</BandWebsite>
    <SoundSampleQrCode>NotYetSetNodeValue</SoundSampleQrCode>
    <BandWebsiteQrCode>NotYetSetNodeValue</BandWebsiteQrCode>
    <PhotoGalleryOne>NotYetSetNodeValue</PhotoGalleryOne>
    <PhotoGalleryTwo>NotYetSetNodeValue</PhotoGalleryTwo>
    <PhotoGalleryOneZip>NotYetSetNodeValue</PhotoGalleryOneZip>
    <PhotoGalleryTwoZip>NotYetSetNodeValue</PhotoGalleryTwoZip>
    <ContactPerson>Daniel Schläppi</ContactPerson>
    <ContactEmail>NotYetSetNodeValue</ContactEmail>
    <ContactTelephone>NotYetSetNodeValue</ContactTelephone>
    <ContactStreet>NotYetSetNodeValue</ContactStreet>
    <ContactPostCode>NotYetSetNodeValue</ContactPostCode>
    <IbanNumber>NotYetSetNodeValue</IbanNumber>
    <ContactRemark>NotYetSetNodeValue</ContactRemark>
    <ContactCity>NotYetSetNodeValue</ContactCity>
    <LoginPassword>musiker</LoginPassword>
    <Musicians>
      <Musician>
        <Name>Tomas Sauter</Name>
        <Instrument>g</Instrument>
        <Text>Tomas Sauter hat nach einem Erstabschluss mit Auszeichnung an der Jazzhochschule Luzern in New York am Purchase College bei Jazzgrössen wie John Abercrombie und Hal Garper weiterstudiert. Sein Können und seine profunde Musikalität führten ihn mit Koryphäen wie Chris Cheek, Tony Malaby, Ralph Alessi, Jorge Rossy, Markus Stockhausen oder Manu Katché zusammen. Neben seinen zahlreichen eigenen Projekten lehrt er seit 2004 als Dozent für Jazzgitarre an der Hochschule Bern.</Text>
        <BirthYear>NotYetSetNodeValue</BirthYear>
        <Gender>male</Gender>
      </Musician>
      <Musician>
        <Name>Daniel Schläppi</Name>
        <Instrument>b</Instrument>
        <Text>Daniel Schläppi hat als Meisterschüler von Rufus Reid zu seinem eigenen Stil gefunden. Seinen Skills ist zuzuschreiben, dass er nicht nur mehrmals im Duo mit Marc Copland aufgenommen hat und regelmässig mit ihm getourt ist, sondern auch mit internationalen Stars wie Art Farmer, Eric Alexander, Jorge Rossy, Ray Anderson und Dré Pallemaerts gespielt hat. Überdies hat er sich auch als Bandleader und Produzent einen hervorragenden Namen gemacht. Im letzten Jahrzehnt hat er 13 eigene Alben mit Musikern wie Colin Vallon oder Nils Wogram herausgebracht.</Text>
        <BirthYear>NotYetSetNodeValue</BirthYear>
        <Gender>male</Gender>
      </Musician>
    </Musicians>
  </Concert>
  <!--  Konzert 11 End  -->
  <!--  Konzert 12 Start  -->
  <Concert>
    <DayName>Samstag</DayName>
    <Year>2023</Year>
    <Month>3</Month>
    <Day>18</Day>
    <TimeStartHour>15</TimeStartHour>
    <TimeStartMinute>30</TimeStartMinute>
    <TimeEndHour>17</TimeEndHour>
    <TimeEndMinute>15</TimeEndMinute>
    <Place>Spagi by Marcello</Place>
    <Street>Metzgergasse 8</Street>
    <City>Aarau</City>
    <ConcertCancelled>FALSE</ConcertCancelled>
    <BandName>SEVEN COLORS - Elmar Frey Septet</BandName>
    <ShortText>Contemporary Soul Jazz, etwa so würde man des Bandleaders Musik wohl am besten bezeichnen. Mit viel Verve gespielte bluesige und melodiöse Kompositionen, mit sattem Groove unterlegt und mit frechen Bläser-Arrangements gespickt - so präsentiert sich dieses brandneue Septett des Drummers.</ShortText>
    <AdditionalText>NotYetSetNodeValue</AdditionalText>
    <LabelAdditionalText>NotYetSetNodeValue</LabelAdditionalText>
    <FlyerTextHomepagePublish>TRUE</FlyerTextHomepagePublish>
    <LabelFlyerText>NotYetSetNodeValue</LabelFlyerText>
    <FlyerText>NotYetSetNodeValue</FlyerText>
    <PosterBigSize>NotYetSetNodeValue</PosterBigSize>
    <PosterMidSize>NotYetSetNodeValue</PosterMidSize>
    <PosterSmallSize>NotYetSetNodeValue</PosterSmallSize>
    <SoundSample>NotYetSetNodeValue</SoundSample>
    <BandWebsite>NotYetSetNodeValue</BandWebsite>
    <SoundSampleQrCode>NotYetSetNodeValue</SoundSampleQrCode>
    <BandWebsiteQrCode>NotYetSetNodeValue</BandWebsiteQrCode>
    <PhotoGalleryOne>NotYetSetNodeValue</PhotoGalleryOne>
    <PhotoGalleryTwo>NotYetSetNodeValue</PhotoGalleryTwo>
    <PhotoGalleryOneZip>NotYetSetNodeValue</PhotoGalleryOneZip>
    <PhotoGalleryTwoZip>NotYetSetNodeValue</PhotoGalleryTwoZip>
    <ContactPerson>Elmar Frey</ContactPerson>
    <ContactEmail>NotYetSetNodeValue</ContactEmail>
    <ContactTelephone>NotYetSetNodeValue</ContactTelephone>
    <ContactStreet>NotYetSetNodeValue</ContactStreet>
    <ContactPostCode>NotYetSetNodeValue</ContactPostCode>
    <IbanNumber>NotYetSetNodeValue</IbanNumber>
    <ContactRemark>NotYetSetNodeValue</ContactRemark>
    <ContactCity>NotYetSetNodeValue</ContactCity>
    <LoginPassword>musiker</LoginPassword>
    <Musicians>
      <Musician>
        <Name>Daniel Schenker</Name>
        <Instrument>tp</Instrument>
        <Text>Musiker/Musikerin Text ...</Text>
        <BirthYear>NotYetSetNodeValue</BirthYear>
        <Gender>male</Gender>
      </Musician>
      <Musician>
        <Name>Rodrigo Botter Maio</Name>
        <Instrument>as, fl</Instrument>
        <Text>Musiker/Musikerin Text ...</Text>
        <BirthYear>NotYetSetNodeValue</BirthYear>
        <Gender>male</Gender>
      </Musician>
      <Musician>
        <Name>Christoph Grab</Name>
        <Instrument>ts, ss, fl</Instrument>
        <Text>Musiker/Musikerin Text ...</Text>
        <BirthYear>NotYetSetNodeValue</BirthYear>
        <Gender>male</Gender>
      </Musician>
      <Musician>
        <Name>Stefan Schlegel</Name>
        <Instrument>tb</Instrument>
        <Text>Musiker/Musikerin Text ...</Text>
        <BirthYear>NotYetSetNodeValue</BirthYear>
        <Gender>male</Gender>
      </Musician>
      <Musician>
        <Name>Alessandro d’Episcopo</Name>
        <Instrument>p</Instrument>
        <Text>Musiker/Musikerin Text ...</Text>
        <BirthYear>NotYetSetNodeValue</BirthYear>
        <Gender>male</Gender>
      </Musician>
      <Musician>
        <Name>German Klaiber</Name>
        <Instrument>b</Instrument>
        <Text>Musiker/Musikerin Text ...</Text>
        <BirthYear>NotYetSetNodeValue</BirthYear>
        <Gender>male</Gender>
      </Musician>
      <Musician>
        <Name>Elmar Frey</Name>
        <Instrument>dr, arr, comp</Instrument>
        <Text>Musiker/Musikerin Text ...</Text>
        <BirthYear>NotYetSetNodeValue</BirthYear>
        <Gender>male</Gender>
      </Musician>
    </Musicians>
  </Concert>
  <!--  Konzert 12 End  -->
</Saison>