<?xml version='1.0' encoding='UTF-8'?>

<!-- JAZZ live AARAU Flyer Texts for one concert -->

<ConcertTexts>
  <Concert>
    <FlyerTextHomepagePublish>FALSE</FlyerTextHomepagePublish>
    <BandName>Tome Iliev Sextet</BandName>
    <ShortText>Band Text ...</ShortText>
    <LabelAdditionalText>NotYetSetNodeValue</LabelAdditionalText>
    <AdditionalText>NotYetSetNodeValue</AdditionalText>
    <LabelFlyerText>NotYetSetNodeValue</LabelFlyerText>
    <FlyerText>NotYetSetNodeValue</FlyerText>
    <Musicians>
        <Musician>
            <Name>Tome Iliev</Name>
            <Instrument>cl, bcl, comp</Instrument>
            <Text>Musiker/Musikerin Text ...</Text>
        </Musician>
        <Musician>
            <Name>Florian Weiss</Name>
            <Instrument>tb</Instrument>
            <Text>Musiker/Musikerin Text ...</Text>
        </Musician>
        <Musician>
            <Name>Francois Lana</Name>
            <Instrument>p</Instrument>
            <Text>Musiker/Musikerin Text ...</Text>
        </Musician>
        <Musician>
            <Name>Jonas Künzli</Name>
            <Instrument>b</Instrument>
            <Text>Musiker/Musikerin Text ...</Text>
        </Musician>
        <Musician>
            <Name>Adrian Böckli</Name>
            <Instrument>dr</Instrument>
            <Text>Musiker/Musikerin Text ...</Text>
        </Musician>
        <Musician>
            <Name>Nehrun Aliev</Name>
            <Instrument>dka, tap</Instrument>
            <Text>Musiker/Musikerin Text ...</Text>
        </Musician>
    </Musicians>
  </Concert>
</ConcertTexts>
