<!-- JAZZ live AARAU Flyer Texts for one concert -->
<ConcertTexts>
  <Concert>
    <FlyerTextHomepagePublish>FALSE</FlyerTextHomepagePublish>
    <BandName>Tome Iliev Sextet</BandName>
    <ShortText>Ein mazedonisch-schweizerisch-französisches Ensemble verzaubert die Zuhörerinnen und Zuhörer mit komplex gespielten Songs aus diesen Kulturkreisen und stellt dabei sein neues Album ,Trinaiska' vor.</ShortText>
    <LabelAdditionalText>NotYetSetNodeValue</LabelAdditionalText>
    <AdditionalText>NotYetSetNodeValue</AdditionalText>
    <LabelFlyerText>NotYetSetNodeValue</LabelFlyerText>
    <FlyerText>NotYetSetNodeValue</FlyerText>
    <Musicians>
      <Musician>
        <Name>Tome Iliev</Name>
        <Instrument>cl, bcl, comp</Instrument>
        <Text>Tome Iliev wurde 1985 in Kavadarci geboren, einer traditionell musikverrückten Stadt in Mazedonien. In seiner musikbegeisterten Familie fehlte ein Klarinettist und Tome sollte diese Lücke im zarten Alter von 8 Jahren schliessen. Deshalb entwickelte sich eine innige Liebesbeziehung zu diesem Instrument und zur Musik im Allgemeinen. Seine Passion formalisierte er mit einem Studium an der Nationalen Musikakademie in Soﬁa, Bulgarien, wo er bei Professor Petko Radev (Principal Clarinet, LaScala Milano) einen Bachelor Abschluss erlangte. Die Liebe zur Musik führten den Musikstudenten nach Zürich, wo er an der ZHdK bei Matthias Müller einen Master in Performance Classical erwarb. Seine Ausbildung rundete er mit einem Master Pedagogy Jazz der ZHdK bei Christoph Grab ab. Vom Balkan über Michigan und Skandinavien bis Kuba und Brasilien: Tome Iliev und seine Klarinette reisten und spielten auf dem halben Erdball.</Text>
      </Musician>
      <Musician>
        <Name>Florian Weiss</Name>
        <Instrument>tb</Instrument>
        <Text>1991 in Zürich geboren, beginnt Weiss im Alter von neun Jahren Posaune zu spielen. Im Jahre 2012 nimmt er das Studium an der Hochschule der Künste Bern, Abteilung Jazz, auf und studiert dort unter anderem bei Bernhard Bamert, Bert Joris und Frank Sikora. Für den Master in Jazz Performance gibt es 2015 einen Wechsel an die Hochschule Luzern und dort Unterricht insbesondere von Nils Wogram, Andreas Tschopp und Markus Wüest.</Text>
      </Musician>
      <Musician>
        <Name>Francois Lana</Name>
        <Instrument>p</Instrument>
        <Text>Der Pariser Pianist wurde 1986 geboren und erhielt im Alter von elf bis zwanzig Jahren klassischen Klavierunterricht. Er studierte bis 2010 bei Richard Turegano und bei Manuel Rocheman in Paris und absolvierte 2014 einen Master Performance an der Haute Ecole de Musique in Lausanne bei Emil Spanyi, Matthieu Michel, Jacques Demièrre, Vinz Vonlanthen und Pierre Audetat. Ebenso auch bei Eric Legnini in Brüssel während eines Erasmusaustauschjahres. Aktuell spielt er mit Rene Mosele's Flon und seinem eigenen Trio Objectif Lune.</Text>
      </Musician>
      <Musician>
        <Name>Valentin Baumgartner</Name>
        <Instrument>g</Instrument>
        <Text>Als Sohn einer Musikerfamilie 1991 in Zürich geboren, schloss Baumgartner sein Studium an der HSLU in Luzern mit einem Master of Jazzperformance ab. Abgesehen von einer regen Tätigkeit als praktizierender Musiker (Gitarre, Gesang u.a.) in verschiedensten Projekten wie etwa Extrafish, In Love Your Mother, Kadeemka, Les Singes, Vadane, Johnny &amp; The Rocketboy, 5 Pound Pocket Universe oder The Nozez wird er von Bands gerne auch als Texter oder Maler engagiert.</Text>
      </Musician>
      <Musician>
        <Name>Jonas Künzli</Name>
        <Instrument>b</Instrument>
        <Text>Jonas Künzli wurde 1992 in Büron, Luzern, geboren. Nach einer klassischen Klavierausbildung entdeckte er mit 16 Jahren den Kontrabass und machte ihn zum Hauptinstrument. Von 2011 bis 2015 studierte er an der Musikhochschule Luzern den Bachelor Jazz, danach folgten zwei Jahre als freier Musiker mit verschiedenen Formationen im In- und Ausland.</Text>
      </Musician>
      <Musician>
        <Name>Adrian Böckli</Name>
        <Instrument>dr</Instrument>
        <Text>1991 geboren, spielt seit seinem achten Lebensjahr Schlagzeug und studierte Jazz an der Hochschule Luzern. Böckli genoss Unterricht bei Lehrern wie Norbert Pfammatter, Gerry Hemingway, Lucas Niggli und Hans-Peter Pfammatter. Der Drummer pflegt eine grosse Bandbreite an Stilen und fühlt sich sowohl in der improvisierten wie auch der Popmusik zuhause.</Text>
      </Musician>
    </Musicians>
  </Concert>
</ConcertTexts>